date,title,description,url
2025-03-11T17:56:11+00:00,"Kenya’s HIV patients, including children, on edge as US stops aid","At the Nyumbani Children's Home in Kenya's capital Nairobi, the facility's staff fears for the future of children with HIV/AIDS as US freezes foreign aid. Without U.S. funding, distribution from the Nairobi warehouse, which stocks all U.S. government-donated HIV medicine to Kenya, has ceased, leaving supplies of some drugs worryingly low, according to a former USAID official and a health official in Kenya. The 90-day foreign aid freeze, ordered by U.S. President Donald Trump has disrupted the global supply of HIV medicines as well as drugs for other diseases. Reuters’ Fiona Jones reports.",https://www.voaafrica.com/a/8007023.html
2025-03-07T16:27:53+00:00,"Kenya's Ruto, opposition veteran Odinga sign deal to form ""broad-based government""","Kenyan President William Ruto and opposition veteran Raila Odinga on Friday signed a memorandum of understanding, formalizing what has been termed as a “broad-based government” at Nairobi’s Kenyatta International Convention Centre (KICC). The pact between the United Democratic Alliance, UDA, and the Orange Democratic Movement, ODM, details a framework for collaboration between the country’s two largest political parties. Both parties have pledged to work together on the East African nation’s many challenges including its ballooning debt and corruption. Ruto's popularity has been dwindling after plans for new taxes sparked massive youth-led protests in 2024 that saw at least 60 people killed, according to rights groups. The protests plunged Ruto's government into a crisis, forcing him to join forces with Odinga to form a ""broad-based government"" last year with several members of his party.",https://www.voaafrica.com/a/8002525.html
2025-03-07T14:52:55+00:00,Museum of Illusions opens in Nairobi with an African-inspired twist,Kenya's urban street artists have teamed up to add an African-inspired twist to East Africa's first Museum of Illusions in Nairobi.,https://www.voaafrica.com/a/8002405.html
2025-02-27T07:00:00+00:00,"In Kenyan newsroom, a young generation joins the digital media trend","In Kenya, more and more audiences are consuming news via social media. The shift is changing the media landscape, with startups like Tuko emerging as a leader in fast-paced news for younger audiences. For VOA, Victoria Amunga meets the team to hear how they balance responsible journalism with the needs of the digital age.",https://www.voaafrica.com/a/7989337.html
2025-02-17T16:00:00+00:00,Kenyan human rights group reports 82 cases of alleged forced disappearances since June 2024,"Since June 2024, when a series of mass protests took place in Kenya, 82 cases of alleged forced disappearances have been recorded, according to the Kenyan National Human Rights Commission. It’s yet to be confirmed who is behind the abductions. VOA Nairobi Bureau Chief Mariama Diallo, who spoke to two brothers who say they were abducted for 32 days, has this report.",https://www.voaafrica.com/a/7977765.html
2025-02-11T18:30:30+00:00,Kenyan jobseekers head abroad to help boost economy back home,"Kenya's labor ministry says the government looks to send 1 million workers abroad a year for the next three years to countries where officials are hoping that young Kenyans can gain skills and income that will benefit the domestic economy. However, the initiative, one of the African country's biggest ever, is not without its detractors. Reuters’ Lauren Roback has this report.",https://www.voaafrica.com/a/7970999.html
2024-12-12T15:00:58+00:00,Kenyan scientists study mealworm they say can break down plastics,"Scientists in Kenya say they are studying a mealworm native to Africa that can consume and biodegrade plastic. Experts report the meal worm produces enzymes that can help break down plastic waste. Juma Majanga reports from Nairobi, Kenya. Camera: Amos Wangwa.",https://www.voaafrica.com/a/7897993.html
2024-12-06T07:00:00+00:00,Kenyan brothers turn recycled newspapers into sustainable pencils,Kenyan brothers Mahamud and Rashid Omari are committed to doing what they can for the environment and running a successful business at the same time. The two are turning recycled newspapers into pencils. VOA's Patrick Wanjohi met the brothers to learn about their process and entrepreneurial journey.,https://www.voaafrica.com/a/7888938.html
2024-12-04T07:30:00+00:00,US Embassy in Kenya unveils new tech hub for innovators,Kenyan startup innovators are accessing American libraries in their communities. The hubs dubbed American corner Mtaani meaning streets in Swahili enable young innovators to explore a wide range of technology and access eLibraryUSA. Victoria Amunga  reports from Nairobi.,https://www.voaafrica.com/a/7885934.html
2024-12-03T13:56:38+00:00,2024 World AIDS Day in Kenya,"Communities around the world just commemorated World AIDS Day. In Kenya, one health facility provides affordable care to everyone, especially communities of people living with HIV. Reuben Kyama reports on this for VOA from the Kenyan capital Nairobi.",https://www.voaafrica.com/a/7885393.html
2024-11-29T07:00:00+00:00,"Kenya clinics provide healthcare to cross-border truck drivers, sex workers","A clinic initiative in Kenya aims to provide healthcare to vulnerable mobile populations, such as truck drivers and commercial sex workers. The goal is to combat the spread of disease across borders in Africa. Juma Majanga reports from transit town of Mlolongo in Kenya.",https://www.voaafrica.com/a/7880559.html
2024-11-25T18:51:29+00:00,Kizza Besigye's attorney and others demand charges against him be dropped,"In Uganda, Eron Kiiza, the defense lawyer for opposition figure Dr. Kizza Besigye tells VOA’s Peter Clottey that he is welcoming calls for charges against Besigye to be dropped. He says the family of Besigye and other human rights defenders plan to sue the Ugandan government for what he says were the violations of the rights of the opposition leader. Kiiza also says that the military court lacks jurisdiction to try the case in a military setting.",https://www.voaafrica.com/a/7876368.html
2024-11-25T15:22:22+00:00,The Catholic Church in Kenya rejects donations pledged by President Ruto’s administration,Anti-tax Gen Z protesters in Kenya have welcomed the decision by the Catholic Church to reject cash donations and pledges by President William Ruto and his administration. Gen Z protester Robert Mwangi tells VOA’s Peter Clottey that the move shows the Catholic Church wants the government to be aware of the economic challenges facing many Kenyans.,https://www.voaafrica.com/a/7876059.html
2024-11-22T08:00:00+00:00,How beekeeping is helps communities cope with climate change in Kenya,"The U.N. Environment Program says communities living in drylands are the most affected by global warming, with frequent droughts and subsequent floods rendering traditional livelihoods like farming and livestock keeping nearly impossible. Conservation experts in Kenya are helping such communities develop climate-resilient alternative livelihoods like beekeeping to help them cope with the changing weather patterns. Juma Majanga reports from Garsen, Kenya.",https://www.voaafrica.com/a/7872499.html
2024-11-22T07:00:00+00:00,AI app helps Kenyan farmers optimize crop yields,"Farmers in Kenya are using artificial intelligence to help them get better crop yields. An AI-powered tool – called Virtual Agronomist – engages directly with farmers to help them create tailored plans to optimize the quality and quantity of their crops. Mohammed Yusuf has more from Mwea, Kenya.",https://www.voaafrica.com/a/7872488.html
2024-10-23T12:00:01+00:00,Kenya’s impeached deputy president says his life is in danger,"Kenya's impeached Deputy President Rigathi Gachagua told reporters Sunday that his security protection team had been withdrawn, and he warned that should anything happen to him, President William Ruto should be held responsible. Juma Majanga reports from Nairobi, Kenya.",https://www.voaafrica.com/a/7835629.html
2024-10-18T08:00:00+00:00,Residents on Kenya’s coast use app to track migratory birds,"The Tana River Delta on the Kenyan coast includes a vast range of habitats and a remarkably productive coastal ecosystem, says UNESCO. It is also home to many bird species, including some that are near threatened. Residents are helping local conservation efforts with an app called eBird. Juma Majanga reports.",https://www.voaafrica.com/a/7826594.html
2024-10-17T08:30:00+00:00,"Kenya hosts female gamers competition, winner to represent in DRC",Kenya is one of 16 African countries that have organized female gamers competitions this month. Kenya’s competition attracted at least 10 female gamers competing for a chance to represent the nation in the Democratic Republic of Congo next month. Mohammed Yusuf reports.,https://www.voaafrica.com/a/7824979.html
2024-09-06T19:35:18+00:00,Kenya's VP says 70 children 'unaccounted for' after deadly school fire kills 17,"Kenyan Vice President Rigathi Gachagua said Friday that 70 students remained ‘unaccounted for’ after a fire at a local boarding school killed 17 students and injured 13 others. Gachagua added that some of the students may have been taken home by their parents on the night of Thursday. The cause of the fire was not immediately clear. President William Ruto said he had told authorities to investigate what he called the ""horrific incident"" and said those responsible would be held to account. Authorities have cordoned off the school and crime scene investigators have been sent there. According to the East African nation’s ministry of education, the school has a total 824 students comprising 422 girls and 402 boys. Of these, 160 girls are boarders while the rest are day scholars.",https://www.voaafrica.com/a/7774540.html
2024-08-30T09:00:00+00:00,China uses media trips in soft power play to boost image,"Beijing is sending reporters to Chinese cities to showcase culture, technology and tourism. What’s missing, say analysts, is an uncensored picture of China and its human rights abuses. Victoria Amunga for VOA News has the story.",https://www.voaafrica.com/a/7764357.html
2024-08-29T07:30:00+00:00,Sudan's Tokar cut off from Port Sudan by floods,"Residents in South Tokar city in Sudan's Red Sea state were left stranded after flash floods destroyed the main highway connecting the city to de facto capital Port Sudan. People have been displaced and have lost their properties due to the floods. ""People are going up and down using ropes. People are affected because of the property they lost and their belongings that were washed away by the flood,"" said local leader Taher Ohaj. Trucks have been parked on the destroyed road, unable to cross for the past eight days according to a local merchant, who added that prices have spiked after the floods due to the lack of access.",https://www.voaafrica.com/a/7763028.html
2024-08-21T07:00:00+00:00,"Kenya taxi drivers defy ride sharing rules, set their own fares to cope with higher cost of living","Some Kenyan taxi drivers have openly admitted to violating rules set by ride sharing companies like Uber, that prohibit their employees and contractors from setting their own fare prices, as a means of coping with the increased costs of living. Reuters reporter David Doyle has more.",https://www.voaafrica.com/a/7749940.html
2024-08-19T16:41:41+00:00,Gen-Z protestors don't believe Kenya police chief nominee will keep promises,"Robert Mwangi, a Gen-Z protester in Kenya says demonstrators do not believe that major police reforms promised by Douglas Kanja Kirocho, the nominee to become the inspector general of the police, will ever be carried out. Mwangi, tells VOA's Peter Clottey that public officials talk a good game but fail to keep their promises.",https://www.voaafrica.com/a/7748383.html
2024-08-17T07:30:00+00:00,Restaurant with robot services causes excitement in Nairobi,"In Nairobi, a new restaurant is generating business and buzz – not just because of the food, but because of the staff. Robots serving dishes is the main attraction of diners who flock to the Robot Café. Juma Majanga reports from Nairobi, Kenya. Camera: Jimmy Makhulo.",https://www.voaafrica.com/a/7745782.html
2024-08-17T03:00:00+00:00,Restaurant with Robot Services Causes Excitement in Nairobi,"In Nairobi, a new restaurant is generating business and buzz – not just because of the food, but because of the staff. Robots serving dishes is the main attraction for diners who flock to the Robot Café. Juma Majanga reports from Nairobi, Kenya.",https://www.voaafrica.com/a/7745482.html
2024-08-12T13:50:11+00:00,Kenyan union official says upcoming teachers strike will disturb academic calendar,"The Kenya National Union of Teachers and the Kenya Union of Post Primary Education Teachers are warning of an imminent industrial strike action to press home their demands for improved living conditions. Collins Oyuu, the secretary general of National Union of Teachers, tells VOAs Peter Clottey that the industrial action will interfere with the academic calendar.",https://www.voaafrica.com/a/7739129.html
2024-08-02T08:00:00+00:00,Generation Z leading widely supported historic protests in Kenya,"The recent protests in Kenya that forced the president to dissolve his cabinet have been led people under 27 years old, members of so-called Generation Z, many of whom identify as tribeless and classless. The nationwide protests are largely organized on social media with no notable leaders. They have snowballed into a movement calling for good governance, with broad backing across Kenya. So, who are these Gen-Z protesters? Juma Majanga reports from Nairobi, Kenya.",https://www.voaafrica.com/a/7726403.html
2024-07-31T14:45:06+00:00,Kenya's Ruto names opponents to cabinet,"Kenyan President William Ruto nominated on Wednesday four members of the main opposition party to a ""broad-based"" cabinet he promised in response to nationwide protests, but activists criticized the new government as a ""corrupt bargain."" Reuters’ Arrthy Thayaparan reports.",https://www.voaafrica.com/a/7724311.html
2024-07-30T15:58:48+00:00,Kenya’s Gen-Z protesters say President Ruto’s new cabinet disappoints them,"Kenya President William Ruto expressed concern that Gen-Z protesters are being sponsored by external forces to destabilize the country. However, the protesters say the new cabinet named by the president does not meet their expectations. Robert Mwangi is one of the Gen-Z protesters and talks with VOA’s Peter Clottey about some of his group's concerns.",https://www.voaafrica.com/a/7718671.html
2024-07-16T21:24:57+00:00,At least one dead as Kenya protests intensify,Police clashed with protesters in Kenya on Tuesday in what appeared to be the biggest demonstrations since President William Ruto withdrew proposed tax hikes. Reuters’ David Doyle has more.,https://www.voaafrica.com/a/7700864.html
2024-07-16T08:00:00+00:00,"Kenyan transgender woman shares experiences of bullying, harassment","Model, talent manager, and motivational speaker, Letoya Johnstone David is a transgender woman who lives in Kenya. David recently met with reporter Anne Ngugi to share her story of facing harassment and bullying as the LGBTQI community continues to seek acceptance in the country.",https://www.voaafrica.com/a/7699036.html
2024-07-15T18:19:03+00:00,Security expert finds Kenya’s security institutions are well structured,"Richard Tutah, a security expert, says the immediate replacement after the resignation of Kenya's Inspector General of Police shows that the country’s security institutions are well structured. He also says there appears to be no evidence to prove that Kenyan police officers used excessive force against young people who protested against the recent finance bill. VOA's Peter Clottey spoke with Tutah.",https://www.voaafrica.com/a/7699049.html
2024-07-13T08:00:00+00:00,Kenya's opulent lawmakers fuel a youthful backlash,"The lavish lifestyles of some Kenyan lawmakers have prompted some activists to retaliate, ranging from attacks on their properties to efforts to have politicians recalled. Reuters’ David Doyle has more.",https://www.voaafrica.com/a/7695939.html
2024-07-11T14:36:54+00:00,Kenya's Ruto dismisses almost entire cabinet after deadly protests,Kenyan President William Ruto announced on Thursday the dismissal of almost his entire cabinet as part of measures undertaken following widespread anti-government protests that turned deadly. He said the move with immediate effect affected all ministers except Prime Cabinet Secretary and Foreign Minister Musalia Mudavadi and Deputy President Rigathi Gachagua. The attorney general was also dismissed.,https://www.voaafrica.com/a/7693958.html
2024-07-09T17:03:55+00:00,Kenya’s President Ruto establishes a taskforce to audit the country’s debt,"Kenyan President William Ruto has established a taskforce to audit the country's public debt -- a key demand by Gen Z protesters. For analysis of the latest political developments, VOA's Peter Clottey reached Mark Bichache. He is a communication and political strategist with Dia Consult.",https://www.voaafrica.com/a/7691083.html
2024-07-08T13:13:43+00:00,"After a tax increase bill is withdrawn, Kenya’s President orders considerable budget cuts",Kenya President William Ruto has ordered significant cuts in the federal budget and proposed other government reforms to pay off a crushing debt burden. The move is seen as a concession to popular disapproval of a tax bill that sparked weeks of violent protests. VOA’s Nairobi Bureau Chief Mariama Diallo reports.,https://www.voaafrica.com/a/7689227.html
2024-07-06T08:00:00+00:00,Rights groups say Kenyan protesters have been abducted,Human rights groups say dozens of Kenyans have been abducted in the past two weeks amid anti-government protests sparked by proposals to raise taxes. David Doyle of Reuters has more.,https://www.voaafrica.com/a/7686600.html
2024-07-03T16:46:35+00:00,Youth protests against Kenya’s proposed tax increases continue,"Kenya’s ongoing protests against proposed tax increases and the administration of President William Ruto are organized by citizens mostly in their 20s from the so-called Gen Z group. However, Members of other age groups are also expressing dissatisfaction with the government of East Africa’s biggest economy. VOA’s Darren Taylor reports.",https://www.voaafrica.com/a/7683878.html
2024-07-03T07:00:00+00:00,Expert weigh in on fresh Kenya protest,"A number of Kenyans have been killed after clashing with the police since June 18. On Tuesday, there was a heavy police presence in Kenya’s capital, Nairobi. The demonstrations started as an online anger over nearly $2.7 billion worth of tax hikes in a proposed finance bill that’s grown into a movement against corruption and irresponsible governance. VOA’s Paul Ndiho spoke to Adjunct Professor of African Studies at Georgetown University, James Ngundi about the situation.",https://www.voaafrica.com/a/7682462.html
2024-07-02T14:08:49+00:00,Dr. Auma Obama on the future role of young people in Kenyan politics,"Dr. Auma Obama is the founder and chairperson of the Auma Obama Foundation, Sauti Kuu, and an author, sociologist and sister to President Barack Obama, the 44th U.S. president. She tells VOA’s Peter Clottey that to know what young people are thinking you should listen to them since their anti-tax protests have nearly brought the country’s politics to a standstill.",https://www.voaafrica.com/a/7682103.html
2024-06-29T07:00:00+00:00,"Business, government count cost of Kenya's protests","Anti-government protests in Kenya have left some shops, like one belonging to Francis Ochieng, in ruins. But what also lies in tatters is Kenya's plan to tackle its heavy debt burden with IMF support. Reuters’ Kristy Kilburn has more.",https://www.voaafrica.com/a/7677642.html
2024-06-27T07:00:00+00:00,Young adults leading protests against tax bill in Kenya,"In Kenya, at least five protesters have been killed and dozens injured as a crowd stormed parliament during a protest against a bill raising taxes. Young Kenyans, mostly members of Generation Z, have been leading protests against the bill, giving political protests in Kenya a new face. Juma Majanga reports from Nairobi.",https://www.voaafrica.com/a/7675174.html
2024-06-26T15:08:09+00:00,"VOA 60: Heavy security surrounds Kenya’s parliament building after protests turn deadly, and more","A day after an anti-tax demonstration turned deadly in Nairobi, heavy security has been deployed around Kenya’s parliament building. A military court in the Democratic Republic of the Congo rejected a bid by defense attorneys to drop the trial of 51 people for an alleged May 19 coup attempt. This, and more Africa-related news updates on today’s VOA 60.",https://www.voaafrica.com/a/7674635.html
2024-06-24T14:44:23+00:00,Ruto was whisked away to avoid confrontation with young anti-tax protesters,"Kenyan President William Ruto had to be whisked away by his security team after he attended the consecration of a bishop in the town of Nyahururu Sunday. Local media reported that Ruto’s security team took the decision when they realized the crowds were there to confront him. Young anti-tax protesters had blocked vehicles belonging to leaders of Ruto’s ruling Kenya Kwanza party. Meanwhile, the Kenyan leader has praised young protesters and promised to engage with them amid demonstrations over his government’s plans to raise revenues through additional taxes. David Doyle of Reuters has more.",https://www.voaafrica.com/a/7667881.html
2024-06-14T13:58:18+00:00,Important Kenyan financial institution affects lives in Africa,"Equity Bank Kenya Limited is a prominent Kenyan bank that makes investments and affects lives in Africa. With a customer base of 20 million, it is the largest bank in the region. VOA's Paul Ndiho spoke to Dr. James Mwangi, Chief Executive Officer of Equity Group Holdings, about this financial institution.",https://www.voaafrica.com/a/7656044.html
2024-06-12T09:00:00+00:00,Clean cooking initiative aims to cut indoor air pollution in Africa,"Traditional cooking fuels and technologies are among the major sources of household air pollution in sub-Saharan Africa, with severe health consequences for the population, according to the World Bank. Now, an initiative to promote climate-friendly cooking in the region is introducing stoves that use less charcoal and firewood to improve air quality. Juma Majanga reports from Nakuru, Kenya.",https://www.voaafrica.com/a/7651949.html
2024-06-05T15:13:34+00:00,Kenya-Haiti mission will be armed with prayers,Evangelical pastors have been taking a key role in preparations for Kenya's mission to tackle gang violence in Haiti. David Doyle of Reuters has more.,https://www.voaafrica.com/a/7643826.html
2024-06-05T08:30:00+00:00,Nairobi's Chinatowns: a reflection of greater Chinese presence,"Chinatowns are recognizable all over the world, either by their big red gates or streets lined with Chinese restaurants and stores. In Nairobi, Kenya, there are several Chinatowns of different sizes scattered around the city. VOA Nairobi bureau chief, Mariama Diallo took a stroll in one of them and has this story.",https://www.voaafrica.com/a/7642774.html
2024-05-31T02:36:58+00:00,Kenyan lawmakers probe alleged abuse by British forces,"A Kenyan parliamentary committee is visiting central Kenya to hear from locals about the conduct of a British Army training unit that is accused of human rights violations, including the unresolved death of a woman more than ten years ago. The Kenya National Human Rights Commission prompted the inquiry by petitioning parliament to hold the British army accountable for alleged human rights abuses. Mohammed Yusuf reports",https://www.voaafrica.com/a/7637150.html
2024-05-24T14:54:36+00:00,Kenya President Ruto and US President Biden hold a joint press conference,"US President Joe Biden has named Kenya as a non-NATO ally, making it the first sub-Saharan African country to receive that designation. Kenyan President William Ruto is on a state visit to the United States. VOA’s Douglas Mpuga spoke with political analyst David Monda for an analysis of what was said during the joint press conference.",https://www.voaafrica.com/a/7625618.html
2024-05-24T13:34:53+00:00,President Biden announces the designation of Kenya as a major non-NATO ally,"U.S. President Biden said Thursday he will designate Kenya a major non-NATO ally during Kenyan President Ruto's state visit. What does a non-NATO ally designation mean in practical terms? VOA’s Carol Van Dam put that question to Cameron Hudson, in the Africa Program at the Center for Strategic and International Studies.",https://www.voaafrica.com/a/7625475.html
2024-05-24T13:21:38+00:00,US President Joe Biden welcomes Kenya President William Ruto to the White House,"Kenya’s President William Ruto, on a state visit to the U.S., was welcomed to the White House by President Joe Biden on Thursday in a ceremony filled with pomp, music, and military honor guards. VOA’s Yeheyes Wuhib spoke with White House correspondent Anita Powell, who was at the welcoming ceremony, for more on President Ruto’s state visit.",https://www.voaafrica.com/a/7625464.html
2024-05-24T02:22:05+00:00,"Kenya’s President Ruto appeals for US security support, defends Haiti mission","Kenyan President William Ruto has appealed for US support to strengthen democracy and security in Africa, reduce debt, and enhance its investment in the institutions of Africa integration. Ruto spoke Thursday when President Joe Biden welcomed him to the White House for the first state visit by an African president to the White House since 2008. Ruto defended his decision to deploy Kenyan police to Haiti.",https://www.voaafrica.com/a/7625117.html
2024-05-23T18:55:52+00:00,"Biden says US will name Kenya ""major non-NATO ally,"" launches Nairobi-Washington Vision","U.S. President Joe Biden on Thursday announced that his administration is working with Congress to name Kenya as ""a major non-NATO ally"" during a joint press conference at the White House, saying it ""is a fulfilment of years of collaboration."" Biden also announced the launch of what he called the ""Nairobi-Washington Vision"" that will assemble international financial institutions and nations to mobilize more resources for debt-ridden countries like the East African nation. ""These are big goals, it will take time to see lasting progress,"" he said. Ruto, on his part, expressed ""deep concern"" over what he said are the ""accelerating drift toward regimes indifferent to democratic values,"" adding that he believes it is time for the United States, along with Kenya, to rally ""like-minded democratic countries to set up the course for democracy.""",https://www.voaafrica.com/a/7624446.html
2024-05-23T12:47:58+00:00,Kenya President Ruto’s state visit to the U.S. aims to strengthen ties between the countries,An expert in international relations security and diplomacy says Kenyan President Ruto’s visit to the U.S. could be a turning point for Kenya. Dr. Edgar Githua from the US International University in Nairobi tells VOA’s Yeheyes Wuhib the state visit is poised to be a turning point for Kenya and is aimed at strengthening ties among the two nations.,https://www.voaafrica.com/a/7623888.html
2024-05-23T01:24:46+00:00,US to designate Kenya key non-NATO ally,"Kenyan President William Ruto visited the White House Wednesday, the first day of his three-day state visit. Reuters quotes a source as saying that President Joe Biden is expected to designate Kenya as a major non-NATO ally during Ruto’s visit. Johnnie Carson served as United States ambassador to several African countries, including Kenya. He tells VOA’s James Butty, Ruto’s visit symbolizes the strong connection between the United States and Kenya.",https://www.voaafrica.com/a/7623577.html
2024-05-22T12:48:40+00:00,Kenya’s President comes to Washington for a state visit,"Kenya’s President William Ruto is in Washington, D.C. for a state visit. A White House official says Ruto and U.S. President Joe Biden will discuss ways to strengthen the two countries’ cooperation in several areas. VOA’s James Shimanyula has more from Nairobi.",https://www.voaafrica.com/a/7622341.html
2024-05-16T02:38:05+00:00,Kenya’s President Ruto will not address US Congress,The decision by U.S. House Speaker Mike Johnson’s to not invite Kenyan President William Ruto to a joint meeting of Congress when he comes to Washington later this month has disappointed many people. VOA’s Carol Van Dam has more from Washington.,https://www.voaafrica.com/a/7614265.html
2024-05-15T19:35:14+00:00,US charity helps Kenyan communities build resilience to climate change,"The U.N. environmental agency says Africa is the lowest contributor of global greenhouse emissions yet remains the most vulnerable to the effects of climate change. A U.S. charity called GiveDirectly is helping some African communities build resilience. Juma Majanga reports from Baringo, Kenya.",https://www.voaafrica.com/a/7613623.html
2024-05-14T17:10:52+00:00,Kenyan medical worker's strike is only partially over,"Kenyan doctors are working again but clinical officials and lab workers are still out on strike. Doctor Kahura Mudia, secretary general for the Kenyan Medical Practitioners and Dentists Union, tells VOA’s Yeheyes Wuhib that some issues remain unresolved.",https://www.voaafrica.com/a/7610801.html
2024-05-10T09:00:00+00:00,"Kenyan authorities expect heavy rainfall to continue, flood victims mourn","Kenyan authorities say weeks of flooding that have killed over 240 people while displacing over 235,000, are expected to continue through June — developments happening as residents of the East African nation continue attempts to rebuild their lives and mourn loved ones they lost to the disaster. VOA’s Nairobi Bureau Chief Mariama Diallo has more.",https://www.voaafrica.com/a/7604660.html
2024-05-10T01:28:10+00:00,Kenyans mourn flood victims as government pledges aid,"With deaths nearing 240 and about 235,000 people displaced, Kenyans are mourning their lost loved ones and trying to rebuild after weeks of heavy rains that resulted in deadly floods and landslides. And it’s not over yet as more rain is expected through June. VOA Nairobi Bureau Chief Mariama Diallo has this report",https://www.voaafrica.com/a/7605543.html
2024-05-09T01:16:05+00:00,Kenyan doctors end strike after deal with government,"Kenya’s nearly two-month-old doctors strike ended Wednesday after the doctors signed a back-to-work agreement. They have been on strike for better pay and improved working conditions. President William Ruto appealed to the doctors to reconsider their demand for pay raises because the government could not spend money that it does not have. However, a court gave both sides 48 hours to finalize a back-to-work agreement, or the court would step in and impose a solution. Dr Simon Kigondu, President of the Kenya Medical Association, tells VOA’s James Butty, the strike was worth it because it brought the government and doctors to address the",https://www.voaafrica.com/a/7603975.html
2024-05-07T02:35:32+00:00,US agency launches climate resilience efforts in Kenya,"The United States Agency for International Development this week launched a $6 million program to support small businesses and financial institutions in northern Kenya that are looking to implement climate-smart practices and enhance their resilience to climate-related challenges. The region suffers from recurring droughts; when it does rain, it often floods, causing people to lose their livelihoods. Mohammed Yusuf reports on the USAID program goals.",https://www.voaafrica.com/a/7600818.html
2024-05-03T02:16:28+00:00,US Speaker urged to invite Kenya’s President to address Congress,"The US House Committee on Foreign Affairs has put in a formal request to Speaker Mike Johnson to invite Kenyan President William Ruto to address a joint session of the Congress. President Ruto is scheduled to visit the United States on an official state visit on May 23, 2024, the first time in two decades that an African president has been accorded a state visit in the US. VOA’s Douglas Mpuga has the details.",https://www.voaafrica.com/a/7596186.html
2024-05-01T17:56:28+00:00,Group empowers women to bridge technology divide in rural Kenya,"Kenya’s Center for Women Empowerment in Technology is helping to bridge the technology divide in rural areas in the East African country. Judy Makaria, co-founder and CEO of the group, tells VOA’s Peter Clottey that its core aim is to strengthen the role of women and to integrate them in the use of technology in socio-economic development.",https://www.voaafrica.com/a/7593848.html
2024-05-01T13:06:54+00:00,Flooding devastates poor Kenyan communities,"The latest reports from Kenya say floods have claimed the lives of almost 170 people, while more than 200,000 people have been affected by the disaster. Jack Oduor, a community organizer in Nairobi’s Mathare slums, talks with VOA's Paul Ndiho about the devastating impact of the floods on his community.",https://www.voaafrica.com/a/7593368.html
2024-04-30T14:26:06+00:00,East Africa floods bring death and destruction,"Heavy rains continue to pound a large portion of East Africa, causing death and devastation. At least 240 people have died in floods in recent days In Kenya and Tanzania. Tens of thousands of people have been displaced. Police said Monday that at least 40 people died when a dam burst in western Kenya. VOA's Reuben Kyama reports from Nairobi.",https://www.voaafrica.com/a/7591745.html
2024-04-30T13:51:11+00:00,Doctors fired in Kenya,"Dr. Dennis Miskellah, deputy secretary of Kenya Medical Practitioners Pharmacists and Dentists Union says members of the group will not be intimidated or bullied into returning to work until their concerns are addressed. VOA's Peter Clottey spoke with Dr. Miskellah for an update in the Kenya doctor’s strike.",https://www.voaafrica.com/a/7591807.html
2024-04-29T16:05:50+00:00,Kenya flooding worsens healthcare crisis,"Several people were reported missing Sunday evening after a boat capsized in Mororo, Bangale in Tana River County in Kenya. TJeffrey Okoro, the Executive Director of CFK Africa, an NGO that works with community members in Kenya, tells VOA’s James Butty the crisis in access to healthcare has been compounded by major flooding across the country.",https://www.voaafrica.com/a/7589439.html
2024-04-29T15:39:04+00:00,Kenya to host South Sudan peace talks,"A South Sudan official has confirmed that Kenya will host peace talks soon between the government and so-called holdout armed groups. Nathaniel Oyet Pierrino, Deputy Chairman of the SPLM-IO, tells VOA’s James Butty he’s disappointed that the Kenyan mediator who visited Juba over the weekend did not meet with South Sudan First Vice President Riek Machar.",https://www.voaafrica.com/a/7589414.html
2024-04-24T12:42:30+00:00,Military equipment acquisition questioned following helicopter crash that killed Kenya’s defense chief,"A security expert in Kenya is expressing concern about political decisions behind the country's acquisition of military equipment following the launch of an investigation into the helicopter crash that killed the country’s military chief, General Francis Ogolla and nine others. Retired Major General Charles Mwanzia in the Kenyan capital, Nairobi, spoke with VOA's Peter Clottey.",https://www.voaafrica.com/a/7583005.html
2024-04-22T13:24:31+00:00,"Inquiry into death of General Francis Ogolla, Chief of Kenya’s Defense Forces",Kenyan President William Ruto has called for a thorough and unhindered investigation into the helicopter crash that killed the Kenyan Chief of Defense Forces General Francis Ogolla. General Ogolla and nine other military personnel died last Thursday when their helicopter crashed in the North Rift region of the country. VOA’s James Butty has more.,https://www.voaafrica.com/a/7579835.html
2024-04-19T01:29:58+00:00,Kenya’s President Ruto mourns Army chief killed in helicopter crash,Kenya is mourning the death of its Chief of Defense Forces General Francis Ogolla and nine other military personnel on Thursday. They had been inspecting the North Rift region where the military is conducting an operation against banditry when their helicopter crashed. President William Ruto has declared three days of national mourning beginning Friday.,https://www.voaafrica.com/a/7576388.html
2024-03-30T06:00:00+00:00,Kenyan Health Care Business Brings Low-Cost Ultrasound to Expectant Mothers,"For most pregnant women in the slums of Nairobi, ultrasound services are an unaffordable luxury. Now, a Kenyan health care business is using portable, low-cost ultrasound systems to give expectant mothers a chance to see their babies and detect any health problems before the delivery day. Victoria Amunga reports from Nairobi. Videographer: Jimmy Makhulo",https://www.voaafrica.com/a/7548834.html
2024-02-19T18:30:00+00:00,Kenyan Entrepreneur Addresses Plastic Pollution,"A Kenyan company is addressing packaging, one of the world’s biggest plastic pollution challenges, by producing toxic chemical-free, composable food products from agricultural waste. VOA’s Juma Majanga has more in this file that was produced from Thika, Kenya.",https://www.voaafrica.com/a/7493643.html
2024-02-13T01:30:00+00:00,"Kenyan Marathon Star Kiptum, Coach Killed in Car Crash","Kenyan marathon star Kelvin Kiptum and his coach were killed in a traffic accident in the Rift Valley on Sunday, cutting short the promising career of the only man to have run the endurance classic in less than two hours and one minute. Rachel Graham of Reuters reports.",https://www.voaafrica.com/a/7484003.html
2024-02-07T10:30:00+00:00,Kenyan Entrepreneur Uses Indigenous Grains to Foster Environmental Sustainability,"Kenyan entrepreneurs are attempting to promote the consumption of indigenous grains such as millet and sorghum, especially to younger generations who believe the food stuffs are for the poor. For more, reporter Juma Majanga filed this report.",https://www.voaafrica.com/a/7471855.html
2024-02-06T15:44:43+00:00,"Kenya Cult Leader, Associates Charged with 191 Murders","Kenyan cult leader, Paul Mackenzie, and 29 of his associates on Tuesday were charged with 191 murders following allegations that the self-proclaimed religious leader ordered members of his church to starve themselves and their children to ensure that they can get into heaven. Reuters’ David Doyle has more.",https://www.voaafrica.com/a/7473161.html
2024-01-24T22:26:18+00:00,Kenya Company Turns Flip-Flops Into Sustainable Art,"Millions of flip-flops end up in oceans, waterways, dumpsites and landfills all over the world. A Kenya-based company has found creative and sustainable ways to reuse them. VOA Nairobi bureau chief Mariama Diallo visited their warehouse located in Karen, about 45 minutes from the city center. Camera: Amos Wangua",https://www.voaafrica.com/a/7452232.html
2024-01-20T09:00:00+00:00,Kenyan Journalist Spotlights Women Challenges,"A Kenyan journalist is running a publication which exclusively reports on issues affecting women. Her publication, Woman Kenya Network, is aimed to helping women to tell their stories in a society that they say downplays their issues. Victoria Amunga reports from Nairobi.",https://www.voaafrica.com/a/7447370.html
2023-12-24T11:30:00+00:00,Nairobi Glows as Kenyans Celebrate the Festive Season Despite Challenges,"For many Kenyans, 2023 has been a tough year, and some residents in the country's capital say they are trying to make ends meet at a time when they would normally travel outside the city and spend time with friends and family. This year, the Kenyan government imposed strict new tax laws, increasing the cost of living, and causing citizens to feel the pinch deep in their pockets. But many Kenyans are still determined to share the joy and warmth of the festive season.",https://www.voaafrica.com/a/7409897.html
2023-12-23T09:00:00+00:00,Kenyan Conservationists Propose Bird-Friendly Infrastructure as Species Decline,"Conservationists in Kenya warn that nearly all the country's 103 species of raptors, also known as predatory birds, have declined. These wildlife advocates are now proposing the construction of bird-friendly infrastructure to avert possible extinction. For VOA, Francis Ontomwa has this report from Nakuru, Kenya.",https://www.voaafrica.com/a/7405814.html
2023-12-21T07:00:00+00:00,Urban Farming Improves Food Security in Kenya,"As populations swell in cities around the world, urban food security has become a growing problem. In Nairobi, urban farming technology is being used to help ease the food shortage problem. Juma Majanga reports from Nairobi. Camera: Amos Wangwa",https://www.voaafrica.com/a/7405808.html
2023-12-13T07:00:00+00:00,"Electrical Wires, Poles Pose Threat to Rare Birds in Kenya","As nearly all of Kenya’s 103 species of raptors decline in population, wildlife advocates are proposing the construction of bird-friendly infrastructure to avert possible extinction. Francis Ontomwa has this report from Nakuru, Kenya. (Camera: Amos Wangwa)",https://www.voaafrica.com/a/7395178.html
2023-12-10T12:00:57+00:00,China’s Nairobi Embassy Hosts Food Extravaganza to Boost Kenya Ties,"While experts continue to debate over the impact of loans and trade relations between China and Kenya, the Asian nation’s embassy in the East African nation’s capital, Nairobi, recently launched a food extravaganza focused on boosting cultural ties between the two. For VOA, Victoria Amunga reports from Nairobi.",https://www.voaafrica.com/a/7389974.html
2023-12-01T10:30:02+00:00,Kenya Makes Strides Towards Eradicating HIV/AIDS by 2030,"Over one million people in Kenya are living with HIV as the East African nation grapples with high infection rates. Kenya, however, has seen a 78% reduction in new infections and a 57% decrease in AIDS-related deaths. Health officials say they aim to eliminate the pandemic by 2030. For VOA, Juma Majanga reports from Nairobi.",https://www.voaafrica.com/a/7379210.html
2023-11-17T00:00:00+00:00,Young Africans Hope to Address Climate Challenges Through Training Program,"Fifty young innovators and leaders from 19 African countries attended a three-week leadership and professional development training program in Ghana’s capital, Accra. Sponsored by the U.S. government, the Young African Leaders Initiative, or YALI, program challenges them to find technology-focused social and business solutions to climate challenges. Isaac Kaledzi has more from Accra.",https://www.voaafrica.com/a/7356514.html
2023-11-15T22:50:27+00:00,Sole Female Ambulance Driver in Kenyan Refugee Camp Defies Norms,"Batula Ali is the only woman ambulance driver in Kenya’s largest refugee camp, Dadaab. Ahmed Hussein met Ali and reports from Garissa County, Kenya about breaking gender norms and societal expectations.",https://www.voaafrica.com/a/7356516.html
2023-11-14T05:00:32+00:00,Kenyan Students Make Flour From Grass,Students from Kabarak University in Kenya have developed a method for turning grass into flour that can be consumed by humans. The flour will be used to make ugali — a dish commonly made from cornmeal — since grain has become too expensive for many families. Juma Majanga reports from Nairobi.,https://www.voaafrica.com/a/7353001.html
2023-11-01T10:00:56+00:00,Kenyan Entrepreneur Addresses Water Shortages During Dry Seasons,"As Kenya prepares for heavy rains forecasted to occur in November and December, water-harvesting and recycling technology developed by a Kenyan entrepreneur could help reduce water shortages during drier times of the year. Juma Majanga reports from Isinya, Kenya.",https://www.voaafrica.com/a/7334802.html
2023-10-30T11:40:53+00:00,Britain’s King Charles III Set for Kenya Four-Day Visit,"King Charles III is scheduled to start his four-day visit to Kenya on Tuesday — his first trip to Africa since becoming king — during which he will address several issues, among them Britain’s colonial past with the East African nation. For more VOA’s Nairobi Bureau Chief Mariama Diallo filed this report.",https://www.voaafrica.com/a/7332652.html
2023-10-17T06:00:37+00:00,Kenyan Radio Broadcaster Promotes ‘Solutions Journalism’ to Address Social Problems,"Henix Obuchunju, a Kenyan radio broadcaster that predominantly focuses on social issues like gender-based violence, GBV, is calling on African media practitioners to focus on ‘solutions journalism.’ Obuchunju says the genre is a better way to address societal problems across Africa while capitalizing on the increased usage of social media platforms such as TikTok, for communications. For more, reporter Victoria Amunga filed this report from Kenya’s capital, Nairobi.",https://www.voaafrica.com/a/7312749.html
2023-10-08T07:00:33+00:00,Invasive Plant Worsens Drought in Northern Kenya,"Drought-stricken Northern Kenya faces the worst dry spell in 40 years, with more than 5 million people affected. Worse still, a relentless invasive plant is unleashing even more devastation on the environment, livestock and livelihoods. Francis Ontomwa reports from Isiolo, Kenya.",https://www.voaafrica.com/a/7300281.html
2023-10-03T11:56:22+00:00,Ruto Reacts to UN Resolution Approval of Kenya Led Forces for Haiti Gangs,Kenyan President William Ruto Tuesday expressed delight after the United Nations Security Council on Monday voted in favor of deploying an international force led by the East African nation to Haiti to fight increasing violent crimes perpetuated by gangs in the Caribbean nation.,https://www.voaafrica.com/a/7294560.html
2023-10-03T10:00:00+00:00,Kenyans Divided Over Sending Force to Haiti,"Some Kenyans have expressed concern over a government proposal to send 1,000 police officers to Haiti as part of an international force led by the East African nation, mandated with addressing violent crime in the Caribbean nation. For more, VOA’s Nairobi Bureau Chief Mariama Diallo filed this report.",https://www.voaafrica.com/a/7293794.html
2023-10-01T10:30:55+00:00,Kenya’s Longhorn Publishers Helps Students Using Artificial Intelligence,"Longhorn Publishers, a Kenya-based publishing outlet, is using its LoHo Learning platform to help students from different financial backgrounds gain access to quality education using Artificial Intelligence technology, popularly known as A.I. Through the platform, students will have access to learning materials at a fraction of the cost, sparing them from spending over $100 annually on textbooks For more, Victoria Amunga produced this report from Kenya’s capital, Nairobi.",https://www.voaafrica.com/a/7290263.html
2023-09-27T06:00:00+00:00,Global Humanitarian Group Helps Kenyans Fight Climate Change,"The charity group Mercy Corps is helping rural communities in Kenya preserve rangelands and protect themselves against the impact of climate change. For more, reporter Ahmed Hussein produced this report from Wajir County, Kenya.",https://www.voaafrica.com/a/7284420.html
2023-09-22T17:11:16+00:00,Kenya’s Ruto Addresses 78th UNGA,Kenya’s President William Ruto addresses the 78th session of the United Nations General Assembly in New York.,https://www.voaafrica.com/a/7279971.html
2023-09-15T11:06:22+00:00,Kenyan Activist Calls for TikTok Ban,"Bob Ndolo, a petitioner with Kenya’s “Ban TikTok” movement has called on President William Ruto’s administration to ban the popular Chinese mobile application. Ndolo says he wants Kenya to ban the app because “you find young girls that you call your sister, your auntie or mother, all there half naked.” For more, reporter Francis Ontomwa produced this report from Kenya’s capital, Nairobi.",https://www.voaafrica.com/a/7268354.html
2023-09-14T12:58:01+00:00,Kenyan Religious Leaders Protest LGBTQ Rights,"Kenyan religious leaders Wednesday took to the streets of Mombasa, a port city, to protest a ruling passed Tuesday by the nation’s supreme court that reaffirmed the LGBTQ community’s right to association. Protestors are calling on President William Ruto to follow in the footsteps of his Ugandan counterpart, Yoweri Museveni, who has condemned LGBTQ relations, despite criticism from Western leaders who regard the matter as a human rights violation.",https://www.voaafrica.com/a/7268127.html
